{
  "feature_mean": [
    81.99267641915878,
    95.99555993000666,
    14.96852490914287,
    36.79638874808947,
    0.40075343152906134,
    0.06601387906650749,
    -0.00441496358658217,
    3.029413536251307,
    1.2486285704170548
  ],
  "feature_scale": [
    15.969621483666193,
    2.2020244233946022,
    3.9765157593837586,
    0.7989997899077468,
    0.2824182538627734,
    5.988677292280706,
    1.1967527787873928,
    1.4484723779586444,
    0.7267740624774361
  ],
  "feature_names": [
    "heart_rate",
    "spo2",
    "resp_rate",
    "temperature_c",
    "motion_index",
    "hr_delta",
    "spo2_delta",
    "hr_var_30s",
    "rr_var_30s"
  ]
}